ID,No_Patient,Gender,AGE,Urea,Cr,HbA1c,Chol,TG,HDL,LDL,VLDL,BMI,CLASS,BMI Status
1,34325,M,58,20.8,800,9.1,6.6,2.9,1.1,4.3,1.3,33,Diabetic,Obese
2,44835,M,60,2.1,56,7.6,3.3,1.7,0.9,1.7,0.8,36.6,Diabetic,Obese
3,23972,F,56,4,45,9.2,4.1,0.6,1.3,1.4,0.9,30,Diabetic,Obese
4,34301,F,43,2.1,55,5.7,4.7,5.3,0.9,1.7,2.4,25,Prediabetic,Overweight
5,35150,M,63,7,84,8.1,6,2.2,1.1,4,1,28,Diabetic,Overweight
6,23973,F,61,5.1,72,11.5,4.4,2.1,1.1,2.5,0.9,26,Diabetic,Overweight
7,21354,M,44,6.8,64,4.9,4.9,2.8,2,1.8,1.2,21,Non-Diabetic,Normal
8,45703,M,51,3.9,53,10.9,3.6,1.1,0.8,2.3,1,29,Diabetic,Overweight
9,85922,F,35,3.9,38,5.4,3.8,5.9,0.5,4.3,1,22,Non-Diabetic,Normal
10,568412,M,40,5,63,4,4.8,2.5,1.1,2.7,1.1,23,Non-Diabetic,Normal
11,45702,F,54,7,72,7.6,4.9,2.8,0.8,3,1.2,31,Diabetic,Obese
12,685,M,55,4.8,60,6,3.6,3,1.5,0.8,1.4,24,Prediabetic,Normal
13,34395,F,60,5.4,47,6.8,5.1,2.1,1.1,3,1,28,Diabetic,Overweight
14,43261,F,64,2,35,7.9,5.3,3.1,0.9,3.1,1.4,33,Diabetic,Obese
15,23976,F,61,4.3,56,12.1,4.4,2,1,2.5,0.9,29,Diabetic,Overweight
16,20321,M,50,4.8,62,5.9,5.3,1.3,1,3.7,0.6,19,Prediabetic,Normal
17,34396,M,61,3.8,62,8.9,6.8,4.3,1.2,3.9,1.9,29,Diabetic,Overweight
18,23977,M,30,7.1,81,6.7,4.1,1.1,1.2,2.4,8.1,27.4,Diabetic,Overweight
19,26925,F,50,5.7,53,6,5.4,1.7,1.4,3.3,0.7,25,Prediabetic,Overweight
20,19112,F,40,2.1,52,5.9,2.1,2.3,0.9,2.8,1.2,30,Prediabetic,Obese
21,23978,M,59,4.2,56,10.5,4.9,2.1,1.1,2.5,0.9,28,Diabetic,Overweight
22,34374,F,54,8.5,59,7.9,4.8,2.4,1.8,2,1.1,38,Diabetic,Obese
23,26062,F,70,5.5,38,8.7,5.9,1.3,1.4,0.75,0.6,30,Diabetic,Obese
24,23979,M,45,4.1,63,10.2,4.8,1.3,0.9,3.3,9.5,34.3,Diabetic,Obese
25,42448,M,55,8.6,68,6.4,4.9,1.2,1.3,3.1,0.5,29,Prediabetic,Overweight
26,34520,M,60,7.5,83,7.6,4.6,4.6,0.6,2.7,1.4,33,Diabetic,Obese
27,23980,M,52,5.4,56,7.9,4.9,2.1,1.1,2.5,0.9,28,Diabetic,Overweight
28,34431,F,54,3.4,52,12,4.4,1.3,1.9,2,0.5,35,Diabetic,Obese
29,4035,F,64,5.3,48,7.3,3.5,1.4,1.1,1.7,0.6,31,Diabetic,Obese
30,23981,F,54,1.2,25,7.9,2,1.9,0.9,2.5,0.7,33,Diabetic,Obese
31,34252,M,50,2.6,106,4,6.3,4.4,1,3.6,1.7,24,Non-Diabetic,Normal
32,45752,M,68,7.1,79,9.4,3.7,3.7,0.8,1.4,1.6,31,Diabetic,Obese
33,23982,M,62,4.1,63,9.5,3.6,5.1,0.9,2.5,0.9,30,Diabetic,Obese
34,34474,M,55,3.6,74,11.7,6,3.3,1,3,1.3,36,Diabetic,Obese
35,40725,M,55,4.7,32,7.8,3.8,0.9,1.5,1.9,0.4,33,Diabetic,Obese
36,23983,M,66,4.1,63,10.1,3.6,5.1,0.9,2.5,0.9,30,Diabetic,Obese
37,34233,F,54,1.2,25,7.9,2,1.9,0.9,2.5,0.7,33,Diabetic,Obese
38,45824,F,54,11.3,130,7.7,6.3,5.4,0.8,3.3,2.4,33,Diabetic,Obese
39,23984,M,45,5.3,77,11.2,3.9,1.5,1.3,2,10.4,29.5,Diabetic,Overweight
40,4084,M,55,4.1,58,10.3,7.3,4.6,1.3,1.4,0.7,29,Diabetic,Overweight
41,1655,M,40,3.4,64,5.7,6.5,3.8,1,3.9,1.7,31,Prediabetic,Obese
42,1168,F,35,2.8,50,5,4.7,2.5,1.3,2.4,1.1,20,Non-Diabetic,Normal
43,27010,F,64,7.1,68,8,5.6,2.6,0.8,3.8,1.1,31,Diabetic,Obese
44,8451,M,51,6.7,73,10.4,4.9,6.7,1.6,0.6,3,37,Diabetic,Obese
45,23986,M,57,4.1,63,9.7,3.6,5.1,0.9,2.5,0.9,30,Diabetic,Obese
46,9963,M,51,38.9,58,6.8,5.9,2.6,1.4,3.4,1.2,33,Diabetic,Obese
47,789566,F,42,2.1,45,4.9,3,1.1,1.1,1.4,1.4,21,Non-Diabetic,Normal
48,23987,M,30,5,80,6.9,4.5,1.8,1.2,2.6,12.7,34.6,Diabetic,Obese
49,46203,M,54,6.3,87,8.2,2.3,0.7,0.8,1.2,0.3,34,Diabetic,Obese
50,34556,M,53,14.9,327,11,5.9,8.7,1,3,3.4,33,Diabetic,Obese
51,23988,M,51,6.1,56,8,4.9,2.1,1.1,2.5,0.9,28,Diabetic,Overweight
52,2850,M,53,5.2,59,7.8,4.9,2.1,0.9,3.2,0.9,30,Diabetic,Obese
53,34454,M,63,6.6,64,9.4,4,0.9,0.9,4,0.4,27,Diabetic,Overweight
54,23989,F,63,4.2,72,9.3,4.4,2.1,1.1,2.5,0.9,26,Diabetic,Overweight
55,34353,F,54,4.3,55,11,3.4,3,0.9,3.5,0.9,31,Diabetic,Obese
56,39550,F,54,4.3,44,7.6,5.4,2,1,3.5,0.9,30,Diabetic,Obese
57,23990,M,35,4.8,64,7.7,3.7,1,1.2,2,7.2,27.3,Diabetic,Overweight
58,34270,F,47,3.5,65,5,6.3,2.2,1.1,2.8,0.8,23,Non-Diabetic,Normal
59,27988,F,56,5.5,48,9.3,5.8,2.4,0.9,3.9,1.1,36.6,Diabetic,Obese
60,546543,F,35,4.4,37,5.8,4,2.5,1.3,2.3,1.6,32,Prediabetic,Obese
61,34279,M,45,2.3,42,5.1,4.4,1.5,1,2.8,0.5,25,Non-Diabetic,Overweight
62,46059,M,55,7,56,9.1,3.7,1.9,0.7,2.3,0.9,27,Diabetic,Overweight
63,23992,F,66,5.5,56,9.9,4.4,2,1,2.5,0.9,29,Diabetic,Overweight
64,34240,F,49,13.5,175,5.1,0.5,1.9,1.3,2.8,0.8,24,Non-Diabetic,Normal
65,46123,M,55,4.6,77,6.5,6,1.5,1.3,4.1,0.6,30,Diabetic,Obese
66,23993,F,67,4.5,56,13.1,4.4,2,1,2.5,0.9,29,Diabetic,Overweight
67,34222,F,28,4.1,73,4.9,5.3,3.2,0.8,0.8,0.9,24,Non-Diabetic,Normal
68,29008,M,50,4.7,53,6.1,4.2,2.2,0.8,2.5,0.9,24,Prediabetic,Normal
69,23994,M,45,4.8,82,7.2,4.7,1.8,0.8,3.1,12.7,31.2,Diabetic,Obese
70,34450,M,54,5.3,88,8,5,6.7,0.9,2.6,2.6,37,Diabetic,Obese
71,85764,M,59,5.2,38,5.4,4.9,1.2,0.9,3.4,0.6,23,Non-Diabetic,Normal
72,86745,F,31,3.9,6,5.4,4.4,1.8,1.1,2.6,0.8,22,Non-Diabetic,Normal
73,9575,M,55,4.8,63,5.7,3.4,0.7,1.1,2,0.3,30.1,Prediabetic,Obese
74,34364,M,55,5.5,74,8,4.3,1.6,0.8,3.6,0.6,27,Diabetic,Overweight
75,23996,M,59,5.2,56,10.9,4.9,2.1,1.1,2.5,0.9,28,Diabetic,Overweight
76,9903,M,73,4.3,79,6,5.3,1.4,1.5,3.2,0.6,27,Prediabetic,Overweight
77,34506,M,57,2.5,55,13,6.3,7.2,1.2,3.3,2.8,35,Diabetic,Obese
78,23997,M,60,4,63,12,3.6,5.1,0.9,2.5,0.9,30,Diabetic,Obese
79,252,M,41,5.9,62,5.9,4.7,5.3,0.9,1.7,2.4,21,Prediabetic,Normal
80,34441,M,54,5.4,84,8.1,5.2,3.3,1.4,2,1.5,29,Diabetic,Overweight
81,7414,M,43,4.4,60,6.3,4.3,1.8,1.6,1.9,0.8,29,Prediabetic,Overweight
82,46815,F,30,3,42,4.1,4.9,1.3,1.2,3.2,0.5,22,Non-Diabetic,Normal
83,741741,M,40,4.7,40,5.6,7.6,1.3,0.9,3.4,1.3,22,Non-Diabetic,Normal
84,23999,F,60,4.1,56,13.1,4.4,2,1,2.5,0.9,29,Diabetic,Overweight
85,46300,M,34,3.9,81,6,6.2,3.9,0.8,3.8,1.8,23,Prediabetic,Normal
86,34320,F,61,2.1,23,9.9,4.1,4.2,1.2,1.4,1.1,28,Diabetic,Overweight
87,24000,F,50,4,56,13.7,4.4,2,1,2.5,0.9,29,Diabetic,Overweight
88,21747,M,41,3.8,48,4.3,3.2,4.5,1.3,1.8,1.1,21,Non-Diabetic,Normal
89,4172,F,41,2,39,4,3.4,1.2,1.7,1.1,0.5,21,Non-Diabetic,Normal
90,24001,F,55,4,56,13.7,4.4,2,1,2.5,0.9,37,Diabetic,Obese
91,46374,M,55,3.7,93,7.2,3.2,1.9,0.6,1.8,0.8,30,Diabetic,Obese
92,34365,M,54,3.4,38,9.3,5.3,3.3,1,1.4,1.3,28,Diabetic,Overweight
93,24002,M,59,4,56,10,4.9,2.1,1.1,2.5,0.9,28,Diabetic,Overweight
94,34407,M,52,3.4,52,8.8,3.5,2,2,0.9,1.5,32,Diabetic,Obese
95,46377,F,55,4.9,63,3.7,6.1,1.6,1.4,4,0.7,26,Non-Diabetic,Overweight
96,42585,F,43,4,54,4.3,4.1,1.1,1.2,2.4,1.3,24.5,Non-Diabetic,Normal
97,12744,F,42,5,73,4.5,6.2,1,1.1,4.6,0.4,24,Non-Diabetic,Normal
98,8572,F,44,4.4,56,4.2,3.4,1.3,1.3,1.5,0.6,21,Non-Diabetic,Normal
99,78585,M,59,4.7,58,4.1,6.3,0.6,1.1,4.9,1.1,24,Non-Diabetic,Normal
100,8109,F,56,2.3,36,10.2,4.8,1,1.4,2.9,0.4,30,Diabetic,Obese
101,75275,M,55,4.8,77,11.1,5.7,4,0.9,3.3,1.8,30,Diabetic,Obese
102,57252,F,35,3.3,44,5,4.1,1.9,4,1.3,0.7,23,Non-Diabetic,Normal
103,1859,M,51,3.2,49,6.7,4.6,1.2,1.3,2.8,0.5,34,Diabetic,Obese
104,34432,M,60,5.6,74,2,5.2,2,1.6,1.8,1,33,Non-Diabetic,Obese
105,24006,F,56,5.1,72,8.1,4.4,2.1,1.1,2.5,0.9,26,Diabetic,Overweight
106,34245,F,44,4.3,49,4,5.6,1.4,1.4,3.6,0.6,22,Non-Diabetic,Normal
107,42927,M,60,6.4,83,12.3,4,1.9,0.7,2.6,0.9,31,Diabetic,Obese
108,24007,M,38,4,67,10.2,5.2,2,1.1,3.2,14,47,Diabetic,Obese
109,46638,M,42,4.6,91,4.5,5.6,2.1,0.9,3.8,0.9,22,Non-Diabetic,Normal
110,34292,F,45,3.7,49,5.3,2.5,2.2,1,0.6,1,25,Non-Diabetic,Overweight
111,24008,F,58,5,62,9.3,5.8,3.6,1.1,1.9,0.6,31,Diabetic,Obese
112,34386,F,61,4.1,55,8.5,4.8,2.2,1.4,2,1,35,Diabetic,Obese
113,24009,M,33,3.3,76,9.7,2.4,1.9,0.8,2.5,13.1,21.17,Diabetic,Normal
114,48926,M,55,4.9,33,10.2,3.9,0.6,1.3,2.3,0.3,32,Diabetic,Obese
115,34550,M,55,5.1,71,9.7,3.2,1.4,1,3,2,33,Diabetic,Obese
116,24010,M,62,5,63,12.2,3.6,5.1,0.9,2.5,0.9,30,Diabetic,Obese
117,34256,M,55,6.5,72,7.4,4.4,1.3,1,2.5,0.9,35,Diabetic,Obese
118,23268,M,55,5.7,76,6.8,5.5,1.5,0.7,4.1,0.7,29,Diabetic,Overweight
119,24011,M,40,4.3,72,7,4,1.8,0.9,2.4,12.2,40,Diabetic,Obese
120,34333,F,59,4.7,55,7,3.4,1.8,1.1,1.8,0.8,26,Diabetic,Overweight
121,48925,M,76,5.9,56,10.9,4.6,7,0.6,1.3,3.1,33,Diabetic,Obese
122,24012,M,40,7.1,74,7.5,4.4,1.4,1.3,2.5,10,28.3,Diabetic,Overweight
123,34263,F,49,4.6,60,6.1,4.8,1.4,0.7,3.9,1.7,25,Prediabetic,Overweight
124,48938,M,55,5.3,49,10.5,5.6,5.5,0.7,2.6,2.5,32,Diabetic,Obese
125,24013,F,60,5.6,72,7.5,4.4,2.1,1.1,2.5,0.9,26,Diabetic,Overweight
126,34302,F,33,5.3,62,5,4.2,1.5,1.2,2.3,0.6,24,Non-Diabetic,Normal
127,9860,F,54,3,39,7.2,9.5,1.7,1.3,2.5,0.6,22,Diabetic,Normal
128,24014,M,54,5.1,56,8.5,4.9,2.1,1.1,2.5,0.9,28,Diabetic,Overweight
129,34311,F,56,8.5,92,5.7,4.8,1.7,1.3,2.8,0.7,35,Prediabetic,Obese
130,32171,F,55,4.7,34,9.9,5.1,4.5,0.6,2.7,2,34,Diabetic,Obese
131,24015,M,55,4.4,56,10,4.9,2.1,1.1,2.5,0.9,28,Diabetic,Overweight
132,34234,F,45,4.6,54,5.1,4.2,1.7,1.2,2.2,0.8,23,Non-Diabetic,Normal
133,45366,M,30,17.1,344,6,4.9,1.6,1.7,2.5,0.7,21,Prediabetic,Normal
134,45367,F,30,3.6,61,5.4,6.5,1.8,1.5,4.2,0.8,24,Non-Diabetic,Normal
135,45397,M,54,4,88,5.7,4.4,2.9,0.6,2.5,1.3,28,Prediabetic,Overweight
136,7747,F,61,24,401,7,4.3,2.9,0.4,2.7,1.3,30,Diabetic,Obese
137,45388,F,50,6,61,5,4.4,2.7,1.3,3.1,1.1,21,Non-Diabetic,Normal
138,34246,F,48,7.5,82,5.4,3.2,1.8,1.6,0.9,0.8,23,Non-Diabetic,Normal
139,45389,F,50,6.3,88,4,4.5,1.2,1.8,4.1,1.2,22,Non-Diabetic,Normal
140,24018,F,33,1.8,31,7.4,3.7,1.2,1.6,1.5,0.5,31.5,Diabetic,Obese
141,45374,F,35,3.6,61,5.3,4.3,1.3,0.8,1.3,1,24,Non-Diabetic,Normal
142,34447,F,59,6.2,68,8.1,5.5,2.2,0.7,2,1.5,33,Diabetic,Obese
143,45410,M,63,6.6,106,4.3,4.8,1.7,1.1,3,0.7,20,Non-Diabetic,Normal
144,45377,M,36,3.3,70,4.2,4.9,2.5,0.9,1.9,0.7,20,Non-Diabetic,Normal
145,45390,M,50,5.8,61,4,2,1.2,1.3,3,0.8,21,Non-Diabetic,Normal
146,45368,M,30,6,97,5.8,4.2,1.7,1.2,2.2,0.8,19,Prediabetic,Normal
147,45365,F,25,10,35,4,4.3,3.5,0.8,1.3,0.8,22,Non-Diabetic,Normal
148,34539,F,60,4.4,49,12.3,4.6,2.3,0.9,3.6,2,38,Diabetic,Obese
149,45381,F,40,5.8,123,4.5,4.6,1.5,0.7,3,0.6,24,Non-Diabetic,Normal
150,45382,F,40,6.3,79,4.9,4.3,0.8,0.8,1.8,1.2,22,Non-Diabetic,Normal
151,40468,M,54,4.7,78,7.3,3.6,1.7,0.8,2.1,0.7,29,Diabetic,Overweight
152,45378,M,39,5,106,6.4,3.7,2,0.8,2.1,0.9,19.5,Prediabetic,Normal
153,45391,M,50,5.5,97,5.4,3.2,1.8,1.6,0.9,0.8,21,Non-Diabetic,Normal
154,45369,M,30,5.5,79,5.6,3.9,1.6,0.9,3.3,0.8,24.5,Non-Diabetic,Normal
155,24023,M,55,5.4,56,7.9,4.9,2.1,1.1,2.5,0.9,28,Diabetic,Overweight
156,25368,F,60,4.5,39,8.7,5.2,2.1,0.8,3.6,0.9,27,Diabetic,Overweight
157,45392,M,50,9.6,203,5.4,3.8,5.9,0.5,4.3,1.3,22,Non-Diabetic,Normal
158,24024,M,61,5.9,56,8.2,4.9,2.1,1.1,2.5,0.9,28,Diabetic,Overweight
159,12779,F,66,3.2,46,8.5,4.2,1,1.4,2.4,0.4,26,Diabetic,Overweight
160,34338,M,60,3.9,49,6.4,4,2.3,1,2,1,31,Prediabetic,Obese
161,45406,F,60,7.5,70,0.9,3.4,5.3,1.1,3.6,0.8,24,Non-Diabetic,Normal
162,8644,F,63,6.6,96,8.9,5.8,1.7,1.7,3.4,0.8,32,Diabetic,Obese
163,34348,M,61,4.7,58,6.4,4.4,2.1,0.7,2.9,0.9,26,Prediabetic,Overweight
164,24026,M,63,5.9,63,7.1,3.6,5.1,0.9,2.5,0.9,30,Diabetic,Obese
165,45412,F,77,5,106,5.4,3.9,2.1,1.2,4.2,1.1,24,Non-Diabetic,Normal
166,45383,F,44,7.3,132,4.3,5.2,1.9,2.5,3,0.7,21,Non-Diabetic,Normal
167,24027,M,58,5.2,63,7.5,3.6,5.1,0.9,2.5,0.9,30,Diabetic,Obese
168,34228,F,44,6.8,64,4,6.2,2.3,1.2,4.1,1,23,Non-Diabetic,Normal
169,45440,M,55,3.8,66,10.2,4.3,3.3,0.6,2.4,1.5,31,Diabetic,Obese
170,24028,M,54,4.3,63,12.1,3.6,5.1,0.9,2.5,0.9,30,Diabetic,Obese
171,45434,M,40,22,159,5.4,3.1,1.6,1.1,1.3,0.7,24,Non-Diabetic,Normal
172,34509,M,60,5.1,62,12.3,6.1,3.8,1.1,3.5,1.7,38,Diabetic,Obese
173,24029,M,51,7.3,65,7,3.8,3.8,1,1.1,1.7,31,Diabetic,Obese
174,34264,F,49,2.3,52,5,3.1,1.3,1,2.5,0.7,22,Non-Diabetic,Normal
175,45520,F,69,14.5,243,10.5,5.3,3.8,1.4,2.3,1.7,32,Diabetic,Obese
176,24030,M,52,3,60,7,3.8,3.2,0.8,1.7,1.4,33,Diabetic,Obese
177,34344,M,58,4.8,60,5.5,0.6,2.5,1.1,2,0.6,38,Non-Diabetic,Obese
178,45384,F,48,5.6,79,6.3,4.2,1.2,2.5,2.7,1.4,27,Prediabetic,Overweight
179,24031,M,56,3.4,44,4.8,4.1,1.5,0.8,1.7,1.4,39,Non-Diabetic,Obese
180,454316,F,54,6.3,106,5.6,4.3,2,1.3,2.2,0.9,20,Non-Diabetic,Normal
181,45511,F,55,5.5,50,12.2,6.3,2.3,9,4.4,1,31,Diabetic,Obese
182,24032,F,59,3.8,91,6,4.2,2,2.3,0.9,1.4,38,Prediabetic,Obese
183,34312,M,52,3,60,7,3.8,3.2,0.8,1.7,1.4,33,Diabetic,Obese
184,45431,F,55,11.7,136,9.6,5.2,1.5,1.1,3.5,0.7,29,Diabetic,Overweight
185,24033,F,56,8.5,92,5.7,4.8,1.7,1.3,2.8,0.7,35,Prediabetic,Obese
186,34315,F,54,4.3,52,6.7,3.1,1.1,3.1,1.2,0.7,37,Diabetic,Obese
187,47586,M,69,5.9,71,10.4,5.4,1.3,1.7,3.1,0.6,33,Diabetic,Obese
188,24034,F,54,4.3,52,6.7,3.1,1.1,3.1,1.2,0.7,37,Diabetic,Obese
189,30383,M,42,5.4,53,5.8,5.9,3.7,1.3,3.1,1.7,23,Prediabetic,Normal
191,24035,M,60,6.6,76,7.8,4.7,2.3,1.4,1.6,0.6,26,Diabetic,Overweight
192,34397,M,63,3.9,58,6.4,4.8,2,1.4,2,0.9,30,Prediabetic,Obese
193,48088,F,55,6,43,11.2,2.4,1.3,0.4,1.4,0.6,32,Diabetic,Obese
194,24036,M,54,5.9,71,10.4,5.4,1.3,1.7,3.1,0.6,32,Diabetic,Obese
195,34313,M,56,3.4,44,4.8,4.1,1.5,0.8,1.7,1.4,39,Non-Diabetic,Obese
196,48609,F,55,2.7,53,7.3,4.1,3.3,0.9,2.1,1.5,29,Diabetic,Overweight
197,24037,M,69,5.9,71,10.4,5.4,1.3,1.7,3.1,0.6,33,Diabetic,Obese
198,34288,M,39,4.3,49,5.1,6.7,2.5,1.1,4.5,1.1,25,Non-Diabetic,Overweight
199,48613,F,68,4.2,41,11.9,4,1.1,2.3,1.1,0.5,30,Diabetic,Obese
200,24038,M,57,2,77,7,5.5,1.9,1,3.7,0.9,33,Diabetic,Obese
201,45573,M,47,4.1,87,6.2,3.7,1.8,1,2,0.8,23,Prediabetic,Normal
202,34265,F,63,4.8,52,8.9,4.8,1.5,1,3.1,0.6,28,Diabetic,Overweight
203,24039,M,55,5,76,10.2,5.6,4.6,0.8,2.9,31.8,33.9,Diabetic,Obese
204,5237,F,54,5.3,45,9,5.7,3.3,0.8,3.6,1.5,27,Diabetic,Overweight
205,34564,M,54,4.3,90,13.2,9.2,1.2,1.6,2.4,2,36,Diabetic,Obese
206,24040,F,60,2,45,6.8,7.2,2.2,0.8,2.2,1.1,27,Diabetic,Overweight
207,48704,F,64,3.6,48,15,7.7,4.7,0.7,5,2.1,32,Diabetic,Obese
208,34572,M,58,3.4,48,11.2,4.8,1.4,1.8,1.3,1,32,Diabetic,Obese
209,24041,M,51,6.5,70,7.3,3.5,1.8,1.8,1.95,0.8,32,Diabetic,Obese
210,34257,F,47,3.7,48,5,4.7,1.6,1,2.4,0.7,22,Non-Diabetic,Normal
211,48707,M,55,4.7,53,12.2,5.7,3.5,0.7,3.6,1.6,25.6,Diabetic,Overweight
212,24042,F,61,2.1,23,9.9,4.1,4.2,1.2,1.4,1.1,28,Diabetic,Overweight
213,34303,M,51,10.4,76,7.3,3.3,2,1,1.2,0.9,33,Diabetic,Obese
214,27458,F,55,4.5,34,10.4,4.7,2.5,0.2,3.4,1.1,28.36,Diabetic,Overweight
215,24043,M,55,4.16,64,8.1,4.5,1.5,1.2,2.7,10.4,31.4,Diabetic,Obese
216,34421,M,55,22,145,8,6.7,3.7,1.7,2,1.5,33,Diabetic,Obese
217,21761,F,59,5.7,86,9.3,5.3,2.7,1,3.2,1.2,31,Diabetic,Obese
218,24044,F,55,2.7,52,8,4.6,1.7,1,2.9,0.8,30,Diabetic,Obese
219,48759,M,33,2,54,5.4,3.7,1.3,0.8,2.4,0.6,22,Non-Diabetic,Normal
220,34375,M,60,5.1,59,9,4.5,1.6,6.3,2,1,37,Diabetic,Obese
221,24045,M,73,4.3,79,6,5.3,1.4,1.5,3.2,0.6,27,Prediabetic,Overweight
222,34345,F,55,5.1,66,7.1,4,1.5,1.4,1.9,0.6,37,Diabetic,Obese
223,23350,M,66,4.6,50,11,3.5,0.6,0.8,2.5,0.3,26,Diabetic,Overweight
224,24046,M,73,4.3,79,6.9,5.3,1.4,1.5,3.2,0.6,28,Diabetic,Overweight
225,48773,F,54,2.7,49,13.7,6.8,1.7,0.8,4.7,0.8,30,Diabetic,Obese
226,34548,F,61,7.1,45,13.6,6.6,2.6,1.1,4.4,1.1,31,Diabetic,Obese
227,24047,F,63,8.7,93,9,5.9,2.2,1.2,3.7,1,29,Diabetic,Overweight
228,34280,M,43,5.4,62,4.1,5.9,2,1.1,3.9,0.9,21,Non-Diabetic,Normal
229,48786,F,64,2.2,89,11.8,6.7,2,0.9,5,0.9,30,Diabetic,Obese
230,24048,F,52,6,76,6.5,2.7,1.2,0.8,1.4,0.5,31,Diabetic,Obese
231,14389,F,50,4,56,13.7,4.4,2,1,2.5,0.9,29,Diabetic,Overweight
232,34424,M,61,3,42,8,6,3.1,1,3.7,1.4,27,Diabetic,Overweight
233,24049,F,55,2.1,46,5.9,4.1,2.7,1,2,1.2,30,Prediabetic,Obese
234,23456,F,55,4,72,11,4.4,2.1,1.1,2.5,0.9,26,Diabetic,Overweight
235,34483,M,52,4.7,56,10.2,4.7,1.7,1.2,2.8,0.7,26,Diabetic,Overweight
236,24050,F,51,2.1,46,5.9,4.1,2.7,1,2,1.2,36,Prediabetic,Obese
237,34258,M,44,3.1,49,4,4.9,1.7,1.4,2.8,0.8,24,Non-Diabetic,Normal
238,344454,M,60,4,63,12,3.6,5.1,0.9,2.5,0.9,30,Diabetic,Obese
239,24051,M,57,4.8,72,7.3,4.5,1.6,2.1,1.9,0.7,34,Diabetic,Obese
240,345454,M,59,4,56,10,4.9,2.1,1.1,2.5,0.9,28,Diabetic,Overweight
241,34376,M,60,4.5,62,9.4,4.1,1.6,1.1,5.6,1,33,Diabetic,Obese
242,24052,M,55,5.1,78,11.8,4.5,1.8,1.1,2.7,12.7,31.5,Diabetic,Obese
243,48806,M,56,3.5,60,7.6,4.7,1.3,0.9,3.3,0.6,26,Diabetic,Overweight
244,34392,F,57,7.7,62,8.6,3.3,1.4,1.1,1.6,0.6,32,Diabetic,Obese
245,24053,M,61,5.7,92,6.2,2.6,1.1,0.9,1.6,0.7,38,Prediabetic,Obese
246,48817,M,56,6.3,87,12.4,5,2.3,0.8,3.2,1,26,Diabetic,Overweight
247,34565,M,60,4,78,14.1,4.1,1.3,1.8,3.6,2,33,Diabetic,Obese
248,24054,M,54,5,67,6.9,3.8,1.7,1.1,3,0.7,33,Diabetic,Obese
249,48822,M,55,4.2,57,8.9,5.3,3.1,0.7,3.3,1.4,27,Diabetic,Overweight
250,34540,F,52,2.6,30,10,5.4,2.1,0.9,0.9,2,37,Diabetic,Obese
251,24055,M,73,4.3,67,10.3,4.2,1.9,1.95,9.9,0.7,34,Diabetic,Obese
252,17922,F,55,2.1,46,5.9,4.1,2.7,1,2,1.2,30,Prediabetic,Obese
253,34538,M,61,3.6,67,10.1,5.1,1.4,0.9,5.6,2,39,Diabetic,Obese
254,24056,M,55,3.8,46,6,4.3,1.5,1,2.6,0.7,35,Prediabetic,Obese
255,34293,M,43,4.1,44,4.3,4.7,1.9,1.4,2.6,0.8,21,Non-Diabetic,Normal
256,48858,M,55,4.4,38,13.2,3.9,1.3,1.6,1.7,0.6,34,Diabetic,Obese
257,24057,M,56,3.5,60,7.6,4.7,1.3,0.9,3.3,0.6,26,Diabetic,Overweight
258,34326,M,55,3.8,46,6,4.3,1.5,1,2.6,0.7,35,Prediabetic,Obese
259,43494,F,57,3.2,31,11.9,6.1,2.6,0.9,4.1,1.1,30.1,Diabetic,Obese
260,24058,M,60,3.5,60,7.6,4.7,1.3,0.9,3.3,0.6,37,Diabetic,Obese
261,34388,M,52,3.9,44,11,3.4,1.2,0.9,3.6,1,39,Diabetic,Obese
262,47889,M,55,4.1,86,10,4.9,0.7,1.2,3.4,0.4,30,Diabetic,Obese
263,24059,F,53,4.5,68,6.9,5.4,3.8,1.9,3,0.7,39,Diabetic,Obese
264,44433,M,33,4.8,64,5.8,4.8,1.1,1.7,2.6,0.5,25,Prediabetic,Overweight
265,34389,M,56,2,55,7.7,4.4,3.3,0.9,2.1,1.5,38,Diabetic,Obese
266,24060,M,58,20.8,800,9.1,6.6,2.9,1.1,4.3,1.3,33,Diabetic,Obese
267,34436,M,55,2.6,48,11.8,5.1,1.2,1,3.6,0.5,33,Diabetic,Obese
268,11868,F,55,4.4,48,7.7,3.4,0.7,1,2.1,0.4,29,Diabetic,Overweight
269,24061,F,66,3.2,46,8.5,4.2,1,1.4,2.4,0.4,26,Diabetic,Overweight
270,34351,M,56,4.1,68,9,7.2,3.7,0.7,5,1.6,29,Diabetic,Overweight
271,48885,M,67,7.8,99,7.1,2.7,1,0.8,1.4,0.5,29.63,Diabetic,Overweight
272,24062,F,52,2,34,5.8,6,1.2,1.1,2,0.5,33,Prediabetic,Obese
273,34339,F,61,3.3,31,7.2,5.8,2.6,1.6,0.9,1.5,36,Diabetic,Obese
274,48567,F,55,3.5,32,14.5,5.3,1.5,0.7,3.9,0.7,26,Diabetic,Overweight
275,24063,M,55,2.9,44,9.8,4.1,1,1.1,2.1,0.5,29,Diabetic,Overweight
276,34271,F,50,4.5,32,4.5,3.4,0.7,1.1,2,0.3,22,Non-Diabetic,Normal
277,48362,F,68,6.1,49,8.2,8,4.8,1.3,4.8,2.2,26,Diabetic,Overweight
278,24064,M,56,3.2,33,6.8,4.9,2.5,0.5,3.4,1.1,32,Diabetic,Obese
279,2143,M,51,5.5,75,10.8,3.9,1.2,1.1,2.3,0.5,36.6,Diabetic,Obese
280,34437,F,52,3.3,37,9,3.1,1,0.8,1.9,0.5,32,Diabetic,Obese
281,24065,M,55,5.4,85,9.7,5.2,1.8,1.3,3.2,0.8,30,Diabetic,Obese
282,34332,M,56,3.2,33,6.8,4.9,2.5,0.5,3.4,1.1,32,Diabetic,Obese
283,47065,M,57,3.6,56,11.9,5.4,1.5,1.1,3.7,0.7,31,Diabetic,Obese
284,24066,M,55,3.7,93,7.2,3.2,1.9,0.6,1.8,0.8,30,Diabetic,Obese
285,47069,M,50,4.3,59,6.1,4,3,1,1.8,1.3,24,Prediabetic,Normal
286,34405,M,61,3.1,42,7.2,5.8,3.9,1,3.1,1.8,37,Diabetic,Obese
287,24067,F,59,4.7,55,7,3.4,1.8,1.1,1.8,0.8,26,Diabetic,Overweight
288,34443,M,61,7.8,89,10.9,4.9,1.7,1,3.2,0.7,31,Diabetic,Obese
289,23610,M,52,5.3,95,7.8,4.9,4.9,0.9,2.8,2.2,28,Diabetic,Overweight
290,24068,M,54,9.9,159,8.8,5.2,1.6,1,3.5,0.7,27,Diabetic,Overweight
291,43604,F,59,4.8,45,10.6,5.2,2.6,1.4,1.7,1.2,30,Diabetic,Obese
292,34511,M,63,7.9,88,7.4,4.7,2,1.4,4.2,1.5,33,Diabetic,Obese
293,24069,F,66,14.1,146,8.7,5.8,3.3,1,3.4,1.5,33,Diabetic,Obese
294,34289,F,58,5,62,9.3,5.8,3.6,1.1,1.9,0.6,31,Diabetic,Obese
295,39576,F,56,3.8,42,9,4,5.1,1.75,0.96,2.2,26,Diabetic,Overweight
296,24070,F,56,5.5,48,9.3,5.8,2.4,0.9,3.9,1.1,30,Diabetic,Obese
297,34346,M,54,4.2,48,6.5,2.4,1,1,0.9,0.7,33,Diabetic,Obese
298,47157,M,68,7.4,98,12.9,8.8,4.5,1.1,5.6,2.1,29,Diabetic,Overweight
299,24071,F,56,5.5,48,9.3,5.8,2.4,0.9,3.9,1.1,36.6,Diabetic,Obese
300,34378,M,63,4.3,42,9,4.2,3.4,0.9,2,1,26,Diabetic,Overweight
301,47150,F,60,5,60,14.8,3.1,2.2,1.3,1.4,1,32,Diabetic,Obese
302,24072,M,60,6.5,30,9,5.9,3.4,0.8,3.7,0.5,30,Diabetic,Obese
303,47175,M,68,2.9,35,11.5,4.9,2.1,2.3,1.8,0.8,33,Diabetic,Obese
304,34558,F,60,4.5,57,14.4,6.8,2.9,1,0.9,1.6,26,Diabetic,Overweight
305,24073,M,57,9.3,69,8,6.1,3,1.1,2,1.4,28,Diabetic,Overweight
306,5474,M,73,4.3,67,10.3,4.2,1.9,1.95,9.9,0.7,34,Diabetic,Obese
307,34354,M,57,5.3,66,7.9,3.7,2.9,1.1,5.5,1.3,36,Diabetic,Obese
308,24074,M,54,5.5,69,11,6.3,6.8,0.7,2.4,3.1,29,Diabetic,Overweight
309,34272,F,53,3.3,48,12.8,5.1,3,0.9,2.9,1.3,37,Diabetic,Obese
310,47177,M,55,6.7,56,10.6,6.2,1.6,1.35,0.95,0.6,36.6,Diabetic,Obese
311,24075,F,51,4.3,53,6.1,2.8,2,1.2,0.8,0.9,33,Prediabetic,Obese
312,44518,M,57,4.8,72,7.3,4.5,1.6,2.1,1.9,0.7,34,Diabetic,Obese
313,34567,M,61,4.1,57,9.4,3.7,1.5,0.7,4.6,2,33,Diabetic,Obese
314,24076,M,52,7.8,315,7.7,3.5,1.3,1,1.6,1.4,33,Diabetic,Obese
315,34294,M,47,4.6,55,4.3,4.6,0.8,0.9,4.2,4.1,24,Non-Diabetic,Normal
316,39963,M,51,7.3,65,7,3.8,3.8,1,1.1,1.7,31,Diabetic,Obese
317,24077,M,63,4.9,65,7.8,3.6,1.1,1,2.1,0.5,33,Diabetic,Obese
318,34259,F,45,4,57,4,4.3,0.9,1.1,4.2,0.4,22,Non-Diabetic,Normal
319,45370,M,55,3.7,71,9.8,5.8,7.7,1.8,0.9,3.5,31.5,Diabetic,Obese
320,24078,M,60,3.9,49,6.4,4,2.3,1,2,1,31,Prediabetic,Obese
321,34403,F,54,2.5,35,10.7,5.6,3,1.1,4.2,1.4,39,Diabetic,Obese
322,1334,F,55,4.3,57,10.6,6.6,4.1,1.8,1.3,1.8,29,Diabetic,Overweight
323,24079,F,55,5.6,58,10.6,4,3.1,1,2.6,1.4,35,Diabetic,Obese
324,2094,F,55,3.9,49,12.2,4.8,2.1,1.8,1,0.9,30,Diabetic,Obese
325,34574,F,54,5.9,74,12.4,5.5,1.3,1.6,1.7,1.9,27,Diabetic,Overweight
326,24080,F,51,3.4,31,7,4.5,0.6,1.1,3.1,0.3,39,Diabetic,Obese
327,43671,F,62,9.6,66,10.7,5.3,2.7,0.7,2.1,1.2,29,Diabetic,Overweight
328,34500,F,61,4.6,40,10.6,7.2,4.9,1.35,1.4,1.5,28,Diabetic,Overweight
329,24081,F,55,11.7,136,9.6,5.2,1.5,1.1,3.5,0.7,29,Diabetic,Overweight
330,34448,M,54,6.8,73,7.5,5.1,2,1.3,1.4,1.5,39,Diabetic,Obese
331,43539,F,55,5.3,33,8.8,4.5,1.4,1.9,2.1,0.6,26,Diabetic,Overweight
332,24082,F,61,3.3,31,7.2,5.8,2.6,1.6,0.9,1.5,36,Diabetic,Obese
333,34410,F,54,3.8,50,10.2,4.7,1.2,1.6,1.7,1.5,28,Diabetic,Overweight
334,22261,F,51,2.5,45,7.4,5.2,4.9,1,0.95,2.2,29,Diabetic,Overweight
335,24083,M,58,4.8,60,5.5,0.6,2.5,1.1,2,0.6,38,Non-Diabetic,Obese
336,41096,M,55,5.5,72,8.9,5.3,3.3,0.95,3.1,1.5,30,Diabetic,Obese
337,34478,F,55,2.1,39,8.5,4.4,1.9,1.5,1.6,1.5,39,Diabetic,Obese
338,24084,M,54,4.2,48,6.5,2.4,1,1,0.9,0.7,33,Diabetic,Obese
339,5980,M,77,6.2,99,7.2,3.2,1.1,0.8,2,0.5,29,Diabetic,Overweight
340,34510,M,61,6.5,78,9.2,6.5,2.4,1.7,1.8,1.5,37,Diabetic,Obese
341,24085,M,55,4.8,63,5.7,3.4,0.7,1.1,2,0.3,30.1,Prediabetic,Obese
342,41281,M,50,3.5,59,6,4,2.1,1.4,1.9,0.9,25,Prediabetic,Overweight
343,34531,F,55,2.4,36,12.4,4.3,2.4,1.8,1.3,1.5,29,Diabetic,Overweight
344,24086,M,55,4.8,63,6.7,3.4,0.7,1.1,2,0.3,30,Diabetic,Obese
345,34273,F,49,2.1,38,5,4.2,0.8,0.9,3,0.4,21,Non-Diabetic,Normal
346,41079,M,55,4,71,7.8,4.2,3.7,1.2,1.3,1.7,33,Diabetic,Obese
347,24087,F,55,5.1,66,7.1,4,1.5,1.4,1.9,0.6,37,Diabetic,Obese
348,34281,M,47,7.6,85,4.3,4.3,2.3,0.9,2.4,1,24,Non-Diabetic,Normal
349,39807,F,58,2.7,39,10.1,6.3,2.4,1.4,3.8,1.1,30,Diabetic,Obese
350,24088,M,55,4.6,77,6.5,6,1.5,1.3,4.1,0.6,30,Diabetic,Obese
351,34266,M,47,5.8,62,4,7,2.8,0.9,4.9,1.3,24,Non-Diabetic,Normal
352,35706,F,55,2.9,41,9.5,5.9,1.7,1.2,3.6,0.8,26,Diabetic,Overweight
353,24089,M,55,4.6,77,6.5,6,1.5,1.3,4.1,0.6,30,Diabetic,Obese
354,47295,F,51,3.4,49,10.7,7,2.7,1,4.8,1.2,26,Diabetic,Overweight
355,34390,F,59,5.1,87,7.6,5.9,2.1,1.6,1.7,1.5,37,Diabetic,Obese
356,24090,M,53,3,48,9.5,7.2,2,1.9,2,0.7,32,Diabetic,Obese
357,73566,M,30,4.8,80,5.5,5.5,1.8,1.2,3.5,0.8,25,Non-Diabetic,Overweight
358,34475,M,52,4.1,139,10.8,4.8,2.2,0.9,3,1,33,Diabetic,Obese
359,24091,M,61,4.7,58,6.4,4.4,2.1,0.7,2.9,0.9,26,Prediabetic,Overweight
360,34479,F,54,3.7,38,11.6,4.7,4,0.8,2.3,1.8,38,Diabetic,Obese
361,11590,F,55,2.6,36,8.4,6.3,1.5,2.6,1.9,0.6,30,Diabetic,Obese
362,24092,F,56,2.3,36,10.2,4.8,1,1.4,2.9,0.4,30,Diabetic,Obese
363,34455,F,55,24,401,6.3,4.3,2.9,0.4,2.7,1.3,28,Prediabetic,Overweight
364,15475,F,56,2.8,36,13.6,6.5,4.4,1.85,0.75,2,36.6,Diabetic,Obese
365,24093,F,55,2.3,36,10.2,4.8,1,1.4,2.9,0.4,36.6,Diabetic,Obese
366,11826,F,49,3.3,44,6,5.6,1.9,0.75,1.35,0.8,23,Prediabetic,Normal
367,34557,M,61,5.5,70,9.2,5.5,3,1.6,1.7,0.8,32,Diabetic,Obese
368,24094,F,60,3,42,6.2,5.8,0.9,1,4.4,0.4,27,Prediabetic,Overweight
369,34411,M,57,8.9,120,6.3,4.2,3.9,1.4,1.3,1.5,29,Prediabetic,Overweight
370,20794,F,55,3.1,39,12.3,5.3,1.6,1.45,1.7,0.7,28,Diabetic,Overweight
371,24095,M,52,8,66,11,4,1.1,0.8,3.5,0.8,28,Diabetic,Overweight
372,34355,F,54,3.5,66,8,4.8,2,2.4,1.6,0.9,33,Diabetic,Obese
373,47337,M,56,4.1,51,11.5,5.9,1.7,1.73,1.04,0.7,31,Diabetic,Obese
374,24096,M,59,20,65,6.2,4.6,1.3,0.9,3.1,0.6,30,Prediabetic,Obese
375,34226,F,47,5.1,68,4,5.3,2.3,0.7,3.7,1,23,Non-Diabetic,Normal
376,47415,F,56,5.6,45,10.8,4.2,2.2,1,2.2,1,26,Diabetic,Overweight
377,24097,F,68,5.7,71,7,5,1.7,0.8,3.5,0.8,36.6,Diabetic,Obese
378,34433,F,60,5.1,45,6.3,5.2,1.5,1.6,1.8,1,39,Prediabetic,Obese
379,3856,M,55,5.1,61,10.5,4.6,1.5,0.8,2.1,0.6,30,Diabetic,Obese
380,24098,M,55,4.66,95,7,5.3,2.03,1.2,3.2,14,29.36,Diabetic,Overweight
381,32336,M,58,5.9,61,8,4.3,2.4,0.9,2,1.1,29,Diabetic,Overweight
382,34438,M,51,3.4,40,14.7,2.6,1.1,0.6,1.5,0.5,26,Diabetic,Overweight
383,24099,F,51,3.4,49,10.7,7,2.7,1,4.8,1.2,26,Diabetic,Overweight
384,47478,F,52,8.6,87,11.3,6.9,2.6,1.2,2,1.1,30,Diabetic,Obese
385,34412,M,54,6.7,97,9.5,6.1,2.3,1.3,1.4,1.5,30,Diabetic,Obese
386,24100,M,56,4.1,68,9,7.2,3.7,0.7,5,1.6,29,Diabetic,Overweight
387,17416,M,56,5,84,8.6,5,1.7,1.45,1.9,0.7,33,Diabetic,Obese
388,34497,M,55,4,64,9.7,5.3,3.6,0.7,3.1,1.6,32,Diabetic,Obese
389,24101,M,77,6.2,99,7.2,3.2,1.1,0.8,2,0.5,29,Diabetic,Overweight
390,34282,M,50,4,28,5.3,4.8,1,0.9,3.6,0.4,23,Non-Diabetic,Normal
391,42211,F,51,2.5,35,9.6,3,0.7,1.3,1.3,0.3,26,Diabetic,Overweight
392,24102,M,55,3.7,93,7.2,3.2,1.9,0.6,1.8,0.8,31,Diabetic,Obese
393,47496,M,49,5,74,6.2,2,0.8,0.6,1,0.4,25,Prediabetic,Overweight
394,34408,M,56,5.9,68,8,5.1,2.5,0.7,3.4,1.1,26,Diabetic,Overweight
395,24103,F,54,4.3,55,11,3.4,3,0.9,3.5,0.9,31,Diabetic,Obese
396,34379,M,55,4.6,54,6.8,4.9,2.2,0.7,3.3,1,27,Diabetic,Overweight
397,47514,M,55,2.7,39,11.7,3.9,0.6,1.3,2.3,0.2,30,Diabetic,Obese
398,24104,M,57,5.3,66,7.9,3.7,2.9,1.1,5.5,1.3,36,Diabetic,Obese
399,47513,F,39,3,38,6.4,4.7,1.3,1.1,3.1,0.6,22,Prediabetic,Normal
400,34524,M,54,4,55,11.3,5.3,7.7,0.7,1.5,3.5,38,Diabetic,Obese
401,24105,M,55,5.66,61,7.7,4.7,1.19,1.1,3.1,8.1,32.9,Diabetic,Obese
402,34235,F,50,3.5,39,4,4,1.5,1.2,2.2,0.7,24,Non-Diabetic,Normal
403,7363,F,56,7.7,68,9.8,6.1,3.2,0.7,4.1,1.4,27,Diabetic,Overweight
404,24106,M,60,6.2,87,4.8,4.8,1.6,0.8,1.2,0.5,35,Non-Diabetic,Obese
405,47552,M,55,5.4,85,9.7,5.2,1.8,1.3,3.2,0.8,30,Diabetic,Obese
406,34393,M,54,3.7,87,8,4.5,2.2,0.5,3.1,1,26,Diabetic,Overweight
407,24107,F,54,3.5,66,8,4.8,2,2.4,1.6,0.9,33,Diabetic,Obese
408,47555,M,57,6.4,75,7.3,6.1,4.3,1.2,3.7,1.9,30.1,Diabetic,Obese
409,34428,F,59,3.1,66,11.8,3.1,2.2,2.4,2.8,1,31,Diabetic,Obese
410,24108,F,54,4.3,44,7.6,5.4,2,1,3.5,0.9,27.3,Diabetic,Overweight
411,34316,M,57,2,77,7,5.5,1.9,1,3.7,0.9,33,Diabetic,Obese
412,10969,M,55,3.8,50,9.6,5.7,4.5,1,3,2.1,32,Diabetic,Obese
413,24109,F,54,4.3,44,7.6,5.4,2,1,3.5,0.9,30,Diabetic,Obese
414,34541,M,56,4.6,55,10.8,3.4,2,0.7,2,0.8,33,Diabetic,Obese
415,48086,M,55,3.9,51,10.7,3.6,1.2,1.4,1.7,0.5,30,Diabetic,Obese
416,24110,M,55,5.7,76,6.8,5.5,1.5,0.7,4.1,0.7,29,Diabetic,Overweight
417,34367,M,61,3,39,9,3.9,0.7,0.8,2.8,0.3,30,Diabetic,Obese
418,48511,F,56,4.6,47,12,5,3.9,1.1,2.4,1.7,36.6,Diabetic,Obese
419,24111,M,55,5.7,76,6.8,5.5,1.5,0.7,4.1,0.7,29,Diabetic,Overweight
420,47975,F,50,4.7,46,4.9,4.2,0.9,2.4,1.4,0.5,24,Non-Diabetic,Normal
421,34227,M,48,4.7,47,4,2.9,0.8,0.9,1.6,0.4,24,Non-Diabetic,Normal
422,24112,M,55,6.66,73,10.9,3.5,3.2,0.9,1.3,22.2,43.25,Diabetic,Obese
423,825,F,51,4.3,53,6.1,2.8,2,1.2,0.8,0.9,33,Prediabetic,Obese
424,34552,M,51,4.9,72,12.5,3.2,0.9,1,2.8,2,33,Diabetic,Obese
425,24113,M,60,5.7,76,6.8,5.5,1.5,0.7,4.1,0.7,33,Diabetic,Obese
426,41044,F,48,4,38,6.8,4.4,2.3,1.3,2.2,1,25,Diabetic,Overweight
427,34340,M,63,4.9,65,7.8,3.6,1.1,1,2.1,0.5,33,Diabetic,Obese
428,24114,M,55,3.66,67,7,5.6,1.91,1.3,3.5,13.1,39.18,Diabetic,Obese
429,48036,M,31,3.4,55,5.7,4.9,1.6,1,3.2,0.7,24,Prediabetic,Normal
430,34352,M,59,14,65,6.2,4.6,1.3,0.9,3.1,0.6,30,Prediabetic,Obese
431,24115,F,61,10.5,111,8.2,3.8,3,0.9,1.7,1.3,39,Diabetic,Obese
432,34359,F,63,2.4,66,7.4,7.1,4.1,1.5,3.8,1,38,Diabetic,Obese
433,12662,M,59,5.3,70,9.8,5.2,3.4,1.35,1.45,1.3,30,Diabetic,Obese
434,24116,F,63,2.4,66,7.4,7.1,4.1,1.5,3.8,1,38,Diabetic,Obese
435,34241,M,38,6.1,83,5.4,4.5,1.7,0.9,2.8,0.8,24.6,Non-Diabetic,Normal
436,48032,M,52,5.5,62,13.2,4.9,2.2,1.2,2.7,1,29,Diabetic,Overweight
437,24117,M,55,7,56,9.1,3.7,1.9,0.7,2.3,0.9,30,Diabetic,Obese
438,13713,M,51,6.5,70,7.3,3.5,1.8,1.8,1.95,0.8,32,Diabetic,Obese
439,34418,M,52,4.9,68,10.2,5.9,2.9,1,3.6,1.3,39,Diabetic,Obese
440,24118,F,55,3,41,4.3,4.6,0.7,1.8,1.1,1.3,37,Non-Diabetic,Obese
441,34480,F,53,3.9,45,11.5,5.2,2.2,1.2,3.6,1,37,Diabetic,Obese
442,47994,M,55,4.6,48,11.2,5.1,3.5,1.7,1.8,1.6,30,Diabetic,Obese
443,24119,F,52,6.4,88,8.5,8.5,0.8,6.6,1.3,1.3,33,Diabetic,Obese
445,34368,M,60,5.1,60,11,4.5,1.7,0.9,2.9,0.7,31,Diabetic,Obese
446,24120,M,55,7,56,9.1,3.7,1.9,0.7,2.3,0.9,27,Diabetic,Overweight
447,34380,M,52,4.4,61,9,5.9,3.5,0.7,3.6,1.6,28,Diabetic,Overweight
448,1645,F,66,4.9,41,5.7,5.2,1.4,0.9,2.3,0.5,30,Prediabetic,Obese
449,24121,M,55,3.2,56,8,4,2.6,1.2,1.7,1.7,30,Diabetic,Obese
450,6402,F,33,2.7,47,5,4.2,1.4,1.3,2.6,0.7,24,Non-Diabetic,Normal
451,34466,M,59,6.8,62,8.9,4.5,1.2,0.9,3.1,0.5,33,Diabetic,Obese
452,34253,M,50,7.7,67,4,5.2,2.1,1.1,3.2,0.9,23,Non-Diabetic,Normal
453,48112,F,33,1.8,31,7.4,3.7,1.2,1.6,1.5,0.5,31.5,Diabetic,Obese
454,3034,F,52,2.8,35,12.8,4.8,4,1.1,2.1,1.8,36.6,Diabetic,Obese
455,34527,M,60,6.2,35,8.5,5.8,2.9,0.4,3,1.6,32,Diabetic,Obese
456,34321,F,63,8.7,93,9,5.9,2.2,1.2,3.7,1,29,Diabetic,Overweight
457,48312,M,51,3.3,41,13.9,6,1.1,1.4,1.3,0.4,27.17,Diabetic,Overweight
458,34242,F,39,3.2,55,5,4.6,1.3,1,3,0.6,21,Non-Diabetic,Normal
459,48353,M,67,13.3,107,7.1,3,2.2,0.8,1.3,1,27,Diabetic,Overweight
460,34398,M,55,8.6,73,10.2,3.9,2,1.5,1.5,0.9,31,Diabetic,Obese
462,34331,F,52,2,34,5.8,6,1.2,1.1,2,0.5,33,Prediabetic,Obese
463,41420,M,55,2.9,44,9.8,4.1,1,1.1,2.1,0.5,29,Diabetic,Overweight
464,1111,M,50,4.8,62,5.9,5.3,1.3,1,3.7,0.6,25,Prediabetic,Overweight
465,34484,F,56,2.3,22,10.2,5.8,2,1.1,1.8,0.9,27,Diabetic,Overweight
466,26665,F,30,5.7,53,6,5.4,1.7,1.4,3.3,0.7,22,Prediabetic,Normal
467,34369,F,52,7.6,84,8.1,4.2,2,0.7,2.6,0.9,36,Diabetic,Obese
468,298,M,50,4.7,53,6.1,4.2,2.2,0.8,2.5,0.9,25,Prediabetic,Overweight
469,34430,F,57,3.7,36,10.6,5.9,1.6,1.2,4,0.7,33,Diabetic,Obese
470,46675,F,30,3,45,4.1,4.9,1.3,1.2,3.2,0.5,22,Non-Diabetic,Normal
471,34534,F,58,3.7,36,10.7,4.2,0.5,0.9,3.1,0.2,36,Diabetic,Obese
472,463,M,34,3.9,81,6,6.2,3.9,0.8,1.9,1.8,23,Prediabetic,Normal
473,34490,M,60,5,55,10,4.5,1.3,0.9,3,0.6,33,Diabetic,Obese
474,67036,M,31,3.4,55,6.5,4.9,1.6,1,3.2,0.7,24,Diabetic,Normal
475,34334,M,54,9.9,159,8.8,5.2,1.6,1,3.5,0.7,27,Diabetic,Overweight
476,7402,F,33,2.7,47,6,4.2,1.4,1.3,2.6,0.7,19,Prediabetic,Normal
477,34422,M,54,3,40,6,2.9,1.2,1,1.4,0.5,32,Prediabetic,Obese
478,4356,M,54,6.3,87,8.2,2.3,0.7,0.8,1.2,0.3,29,Diabetic,Overweight
479,34535,M,55,3.5,76,10.3,9.7,12.7,0.9,3,5.8,33,Diabetic,Obese
480,7687,M,53,5.2,59,7.8,4.9,2.1,0.9,3.2,0.9,33,Diabetic,Obese
481,34434,M,61,0.5,59,7.5,4.5,1.8,1,2.7,0.8,38,Diabetic,Obese
482,34274,F,44,3.9,42,4.1,5.2,1.5,1,3.5,0.7,21,Non-Diabetic,Normal
483,4567,F,54,4.3,44,7.6,5.4,2,1,3.5,0.9,27.3,Diabetic,Overweight
484,3451,F,56,5.5,48,9.3,5.8,2.4,0.9,3.9,1.1,30,Diabetic,Obese
485,34553,F,58,3.1,36,10.6,5.4,4.7,1.1,2.2,2.1,39,Diabetic,Obese
486,2341,M,55,7,56,9.1,3.7,1.9,0.7,2.3,0.9,30,Diabetic,Obese
487,34425,F,60,5.9,41,6.6,2.8,2.7,0.5,1.1,1.2,28,Diabetic,Overweight
488,5609,M,55,4.6,77,6.5,6,1.5,1.3,4.1,0.6,30,Diabetic,Obese
489,34544,F,57,2.1,44,8.9,5.2,1.1,1,3.7,0.5,27,Diabetic,Overweight
490,48969,M,50,4.3,59,6.1,4,2.4,1,1.8,0.7,24,Prediabetic,Normal
491,34578,F,67,5.3,72,14.7,5.8,1.8,1.1,3.9,0.8,31,Diabetic,Obese
492,13281,M,49,3.5,59,6,4,2.1,1.4,1.9,0.9,24,Prediabetic,Normal
493,34419,F,51,4.1,78,7.2,7.2,5.3,1,3.8,2.4,38,Diabetic,Obese
494,45566,M,30,4.8,80,5.5,5.5,1.8,1.2,3.5,0.8,19,Non-Diabetic,Normal
495,34381,F,51,3,41,8.3,4,2.8,0.7,2.1,1.2,29,Diabetic,Overweight
496,56826,F,49,3.3,44,6,5.6,1.9,0.75,1.35,0.8,21,Prediabetic,Normal
497,34566,M,60,4.1,78,11,3.8,0.7,0.7,2.8,0.3,35,Diabetic,Obese
498,488496,M,50,5,74,6.2,2,0.8,0.6,1,0.4,24,Prediabetic,Normal
499,34442,F,53,4.7,53,8.6,6.2,1.7,1.1,4.3,0.8,30,Diabetic,Obese
500,23513,F,39,3,46,6.4,4.7,1.3,1.1,3.1,0.6,24,Prediabetic,Normal
501,34456,M,52,5.3,56,8.8,5.3,2.5,1.1,2.3,1.1,29,Diabetic,Overweight
502,17975,F,50,4.7,46,4.9,4.2,0.9,2.4,1.4,0.5,24,Non-Diabetic,Normal
503,34341,F,55,5.6,58,10.6,4,3.1,1,2.6,1.4,35,Diabetic,Obese
504,34223,M,33,7.1,46,4.9,4.9,1,0.8,2,0.4,21,Non-Diabetic,Normal
505,23044,F,48,4,38,6.5,4.4,2.3,1.3,2.2,1,23,Diabetic,Normal
506,34304,M,60,4.2,39,8.8,4.5,2.2,0.8,1.4,1.1,34,Diabetic,Obese
507,4509,M,54,3.4,57,9.7,5.4,2.4,0.8,3.6,1.1,27,Diabetic,Overweight
508,6578,M,55,4.8,63,6.7,3.4,0.7,1.1,2,0.3,30,Diabetic,Obese
509,34349,F,60,3,42,6.2,5.8,0.9,1,4.4,0.4,27,Prediabetic,Overweight
511,34362,F,51,5.6,49,6.5,4.1,2.1,0.7,2.5,0.9,32,Diabetic,Obese
512,20098,M,51,4.9,56,7.7,3,0.3,1.3,1.5,0.1,30,Diabetic,Obese
513,34485,M,59,4.5,59,12.5,5.7,2.7,1.2,3.3,1.2,28,Diabetic,Overweight
514,3247,M,55,5.2,67,7.5,5.9,2,0.8,4.2,0.9,29,Diabetic,Overweight
515,34579,M,68,3.9,51,10.7,3.6,1.2,1.4,1.7,0.5,36,Diabetic,Obese
516,7898,M,55,3.7,93,7.2,3.2,1.9,0.6,1.8,0.8,31,Diabetic,Obese
517,34460,M,54,5.8,76,7.3,5.1,1.2,1.8,1.9,0.7,33,Diabetic,Obese
518,2348,F,55,4.9,63,3.7,6.1,1.6,1.4,4,0.7,34,Non-Diabetic,Obese
519,34577,F,60,4.6,47,12,5,3.9,1.1,2.4,1.7,30,Diabetic,Obese
520,34317,M,54,5.9,71,10.4,5.4,1.3,1.7,3.1,0.6,32,Diabetic,Obese
521,9896,F,55,2.3,36,10.2,4.8,1,1.4,2.9,0.4,36.6,Diabetic,Obese
522,2567,M,55,3.2,49,6.7,4.6,1.2,1.3,2.8,0.5,30.2,Diabetic,Obese
523,34549,F,63,2.8,54,11.2,4.2,1.1,1.7,1.4,2,36,Diabetic,Obese
524,23356,M,60,6.4,83,12.3,4,1.9,0.7,2.6,0.9,29,Diabetic,Overweight
525,34547,F,60,2.1,34,12.3,6.2,5.8,1,3,2,30,Diabetic,Obese
526,5677,F,68,5.7,71,7,5,1.7,0.8,3.5,0.8,36.6,Diabetic,Obese
528,34335,M,57,9.3,69,8,6.1,3,1.1,2,1.4,28,Diabetic,Overweight
529,1495,M,55,4.9,33,10.2,3.9,0.6,1.3,2.3,0.3,27,Diabetic,Overweight
530,33450,M,55,5.7,76,6.8,5.5,1.5,0.7,4.1,0.7,29,Diabetic,Overweight
531,34496,M,58,2,72,10.9,4.8,1.6,1,3.1,0.7,33,Diabetic,Obese
532,3592,M,76,5.9,56,10.9,4.6,7,0.6,1.3,3.1,31,Diabetic,Obese
533,34561,F,59,6,28,14.6,6.1,4.4,1.2,1.3,2,29,Diabetic,Overweight
534,34305,M,57,4.6,370,6.8,6.1,6,2.5,3.5,1.1,37,Diabetic,Obese
535,9625,M,55,5.3,49,10.5,5.6,5.5,0.7,2.6,2.5,27.4,Diabetic,Overweight
536,34327,M,54,5,67,6.9,3.8,1.7,1.1,3,0.7,33,Diabetic,Obese
537,2407,F,55,4.7,34,9.9,5.1,4.5,0.6,2.7,2,31,Diabetic,Obese
538,34451,M,60,3.3,73,9,5.1,3,1.1,2.6,1.3,33,Diabetic,Obese
539,14560,M,55,11.1,139,10.8,4.8,2.2,0.9,3,1,31,Diabetic,Obese
540,2570,F,61,24,401,7,4.3,2.9,0.4,2.7,1.3,36.6,Diabetic,Obese
541,34467,M,54,4.9,66,8.7,5.7,2.3,1.1,2.3,1,32,Diabetic,Obese
542,98023,M,53,2,55,7.7,4.4,3.3,0.9,2.1,1.5,32,Diabetic,Obese
543,34575,M,53,3.8,59,10.9,5.1,3.2,1.8,2,1,28,Diabetic,Overweight
544,18645,M,55,2.6,48,11.8,5.1,1.2,1,3.6,1.6,30,Diabetic,Obese
545,34536,F,54,9,70,10.8,3.7,3.1,1.2,2,1.4,35,Diabetic,Obese
546,34342,M,52,7.8,315,7.7,3.5,1.3,1,1.6,1.4,33,Diabetic,Obese
547,87562,M,60,5.4,68,11.2,6,2.9,1,3.8,1.3,26,Diabetic,Overweight
549,34366,M,53,5.6,72,9,8.8,4.3,1.5,3.5,1.2,29,Diabetic,Overweight
550,123,F,51,4.2,72,11.2,4.4,2.1,1.1,2.5,0.9,26,Diabetic,Overweight
551,34530,M,63,3.5,54,10.1,5.9,3.1,1.1,2.6,1.4,28,Diabetic,Overweight
552,34308,M,39,9.1,80,5.1,7.1,1.5,1.2,4.1,0.7,20,Non-Diabetic,Normal
553,244,M,54,4.3,63,12.1,3.6,5.1,0.9,2.5,0.9,30,Diabetic,Obese
554,345,M,55,4.4,56,10,4.9,2.1,1.1,2.5,0.9,28,Diabetic,Overweight
555,34406,M,60,14.5,179,8.7,5,1.8,1.1,1,0.8,33,Diabetic,Obese
556,654,F,67,4.5,56,13.1,4.4,2,1,2.5,0.9,29,Diabetic,Overweight
557,34417,M,55,4.2,68,8.3,4.8,3.1,0.4,2.4,1.4,33,Diabetic,Obese
558,3525,F,61,5.1,72,11.5,4.4,2.1,1.1,2.5,0.9,26,Diabetic,Overweight
559,34439,F,58,3,50,11.9,4.4,1.6,1,4.1,1,27,Diabetic,Overweight
560,35256,M,62,5,63,12.2,3.6,5.1,0.9,2.5,0.9,30,Diabetic,Obese
561,34461,F,53,10.3,83,10.9,7.2,3.4,1.8,4.1,1,35,Diabetic,Obese
562,574,M,59,5.2,56,10.9,4.9,2.1,1.1,2.5,0.9,28,Diabetic,Overweight
563,34356,M,60,6.2,87,4.8,4.8,1.6,0.8,1.2,0.5,35,Non-Diabetic,Obese
564,34309,M,41,4.2,99,4,2.8,2.9,0.8,3.8,1.3,22,Non-Diabetic,Normal
565,743,F,66,5.5,56,9.9,4.4,2,1,2.5,0.9,29,Diabetic,Overweight
566,34236,M,50,5.5,74,5,3.6,1.1,1,2.1,0.5,21,Non-Diabetic,Normal
567,7324,F,60,5.6,72,7.5,4.4,2.1,1.1,2.5,0.9,26,Diabetic,Overweight
568,532,M,63,5.9,63,7.1,3.6,5.1,0.9,2.5,0.9,30,Diabetic,Obese
569,34508,F,60,3.2,87,10.5,4.6,4,0.9,3,1.8,39,Diabetic,Obese
570,5325,M,51,6.1,56,8,4.9,2.1,1.1,2.5,0.9,28,Diabetic,Overweight
571,34521,M,52,7.5,90,10.5,3,1.5,0.6,2.2,0.7,35,Diabetic,Obese
572,987,F,58,4.3,56,9.1,4.4,2,1,2.5,0.9,29,Diabetic,Overweight
573,34489,M,60,5.7,74,12.7,4.5,2.1,0.9,1.8,0.9,36,Diabetic,Obese
574,1289,F,63,4.2,72,9.3,4.4,2.1,1.1,2.5,0.9,26,Diabetic,Overweight
575,34487,M,57,5.7,69,6.3,5.2,2.6,1.1,1.2,1.2,30,Prediabetic,Obese
577,34328,F,53,4.5,68,6.9,5.4,3.8,1.9,3,0.7,39,Diabetic,Obese
578,632,M,52,5.4,56,7.9,4.9,2.1,1.1,2.5,0.9,28,Diabetic,Overweight
579,34519,M,61,7.2,75,9,2.9,0.7,1,1.6,0.3,36,Diabetic,Obese
580,34297,F,49,4.3,53,4.2,4.2,1.1,1.1,2.7,0.5,25,Non-Diabetic,Overweight
581,886,F,56,5.1,72,8.1,4.4,2.1,1.1,2.5,0.9,26,Diabetic,Overweight
582,567,M,62,4.1,63,9.5,3.6,5.1,0.9,2.5,0.9,30,Diabetic,Obese
583,34542,F,59,6.2,62,11.6,6.3,4.4,0.9,0.8,2,32,Diabetic,Obese
584,234,M,59,4.2,56,10.5,4.9,2.1,1.1,2.5,0.9,28,Diabetic,Overweight
585,34462,F,61,3,40,12.4,4.7,1.5,0.9,1,0.7,33,Diabetic,Obese
586,856,F,61,4.3,56,12.1,4.4,2,1,2.5,0.9,29,Diabetic,Overweight
587,34372,M,54,6.1,63,10.1,5.2,2.3,0.9,0.9,1.1,33,Diabetic,Obese
588,34243,M,40,5.9,76,4,5,2.1,1.6,3,0.9,24,Non-Diabetic,Normal
589,355,F,60,6,72,10.7,4.4,2.1,1.1,2.5,0.9,26,Diabetic,Overweight
590,7845,M,57,4.1,63,9.7,3.6,5.1,0.9,2.5,0.9,30,Diabetic,Obese
591,34481,F,61,2.5,45,11.6,9.7,13.8,1,3.1,6.3,33,Diabetic,Obese
592,8876,M,54,5.1,56,8.5,4.9,2.1,1.1,2.5,0.9,28,Diabetic,Overweight
593,34377,F,61,5.2,64,10.3,7.3,3.3,1,3.1,1.5,32,Diabetic,Obese
594,6632,M,58,5.2,63,7.5,3.6,5.1,0.9,2.5,0.9,30,Diabetic,Obese
595,34486,M,54,7.4,84,10.7,4.1,2.2,0.9,2.2,1,29,Diabetic,Overweight
596,34237,F,50,5.9,53,5.4,5.3,0.8,1.1,4.1,0.3,21,Non-Diabetic,Normal
597,3275,M,55,5.4,56,7.9,4.9,2.1,1.1,2.5,0.9,28,Diabetic,Overweight
598,8971,M,61,5.9,56,8.2,4.9,2.1,1.1,2.5,0.9,28,Diabetic,Overweight
599,34494,F,52,6,45,11.1,4.7,0.7,1,1.2,0.3,38,Diabetic,Obese
600,34319,F,60,2,45,6.8,7.2,2.2,1,2.2,1.1,27,Diabetic,Overweight
601,2345,M,55,4.16,60,7.6,6.5,2.1,1.3,4.3,14.5,34.5,Diabetic,Obese
602,5432,M,55,4.16,64,8.1,4.5,1.5,1.2,2.7,10.4,31.4,Diabetic,Obese
603,34457,M,51,4,95,7.1,4.2,1.9,0.9,1.1,0.8,30,Diabetic,Obese
604,876543,M,66,5.5,73,10.9,9.3,5.1,0.9,6.4,35,27.75,Diabetic,Overweight
605,34568,F,63,6.4,59,11.6,8.1,2.7,0.7,4.1,1.2,39,Diabetic,Obese
606,54324,M,55,5,73,6.5,4.7,2.1,1.1,2.7,31,35.2,Diabetic,Obese
607,34501,M,60,9.6,83,11.5,4.1,1.4,1.8,5.1,0.6,29,Diabetic,Overweight
608,66624,M,55,3.33,79,9.7,4.1,2.03,1.08,2.2,14,33.6,Diabetic,Obese
609,34429,M,54,5,59,9.3,3.8,1,1.8,1,0.4,36,Diabetic,Obese
610,85653,M,55,6.833,64,6.7,4.8,2.8,0.9,2.7,19.5,27,Diabetic,Overweight
611,34569,M,55,9,66,8.3,5.7,2.6,0.7,4.1,1.1,38,Diabetic,Obese
612,34267,F,33,4.6,56,5,6.2,3.8,0.8,3.7,1.7,24,Non-Diabetic,Normal
613,94345,M,55,4,71,6.9,4.8,2.2,1.1,2.8,15.4,34.05,Diabetic,Obese
614,34323,F,52,6,76,6.5,2.7,1.2,0.8,1.4,0.5,31,Diabetic,Obese
615,905146,M,55,5.66,61,7.7,4.7,1.19,1.1,3.1,8.1,32.9,Diabetic,Obese
616,34347,M,53,3,48,9.5,7.2,2,1.9,2,0.7,32,Diabetic,Obese
617,64348,M,55,4.66,70,7.5,7.3,1.6,1.2,5.5,11.3,36.11,Diabetic,Obese
618,23457,M,55,3.33,68,7.2,4,2.3,1.05,2.04,16.3,38.62,Diabetic,Obese
619,34528,F,60,6.6,43,11.2,2.4,1.3,0.4,1.4,0.6,26,Diabetic,Overweight
620,34260,M,43,2.4,40,5,4.8,1.9,1.1,3,0.8,21,Non-Diabetic,Normal
621,98564,M,55,5,81,3.7,5.7,1.19,1.1,4.1,8.1,35.16,Non-Diabetic,Obese
622,9423,M,55,5,76,10.2,5.6,4.6,0.8,2.9,31.8,33.9,Diabetic,Obese
623,34482,F,60,4.8,39,13,6.9,2.7,1.6,1.7,1.5,32,Diabetic,Obese
624,356355,M,55,6.66,61,6.7,2.5,4.9,0.8,0.5,33.6,29,Diabetic,Overweight
625,34562,M,54,2.9,79,10.3,5,3.2,1.8,1.7,2,30,Diabetic,Obese
626,34254,M,49,5.7,74,4.7,5.2,1.1,0.9,1.4,0.7,21,Non-Diabetic,Normal
627,755889,M,55,5,64,12.3,6,3.9,0.8,3.7,27.2,37,Diabetic,Obese
628,8554,M,55,3.66,67,7,5.6,1.91,1.3,3.5,13.1,39.18,Diabetic,Obese
629,34382,F,58,2.7,53,7.3,4.8,3.3,0.9,2.6,1.5,30,Diabetic,Obese
630,34275,F,48,2.8,55,5,3.6,0.6,2.1,1.2,0.2,23.5,Non-Diabetic,Normal
631,98776,M,55,6.5,65,10.2,10.3,2.6,1.03,5.9,18.1,30.1,Diabetic,Obese
632,56743,M,55,4.16,30,6.8,6.12,3.5,1.03,3.6,24.5,27.33,Diabetic,Overweight
634,34224,F,45,2.3,24,4,2.9,1,1,1.5,0.4,21,Non-Diabetic,Normal
635,754338,M,55,6.66,73,10.9,3.5,3.2,0.9,1.3,22.2,43.25,Diabetic,Obese
636,34231,F,31,4.4,55,4.2,3.6,0.7,1.7,1.6,0.3,23,Non-Diabetic,Normal
637,985322,M,55,4.33,44,10.5,5.7,1.3,1.5,3.6,9,32.65,Diabetic,Obese
638,744467,M,55,3.66,61,9.9,5.3,3.3,0.9,3.1,22.7,30.1,Diabetic,Obese
639,34523,F,59,4.2,41,11.9,4,1.1,2.3,1.1,0.5,39,Diabetic,Obese
640,34261,F,47,3.3,53,5.4,4.1,0.7,1.7,2.8,0.7,20,Non-Diabetic,Normal
641,86422,M,55,3.66,60,10.8,7.3,1.6,1.2,5.5,11.3,47.75,Diabetic,Obese
642,8432454,M,55,4.66,95,7,5.3,2.03,1.2,3.2,14,29.36,Diabetic,Overweight
643,34491,M,61,6,72,9,4.5,2.7,3.8,1.2,1.5,35,Diabetic,Obese
644,853224,M,55,6.66,61,7.7,4.1,2.03,1.08,2.2,14,37.62,Diabetic,Obese
645,34507,M,54,5.4,68,3,1.2,0.7,1,0.5,1.5,33,Non-Diabetic,Obese
646,34314,F,59,3.8,91,6,4.2,2,2.3,0.9,1.4,38,Prediabetic,Obese
647,75433,M,55,5.1,78,11.8,4.5,1.8,1.1,2.7,12.7,31.5,Diabetic,Obese
648,745326,M,45,5.3,77,11.2,3.9,1.5,1.3,2,10.4,29.5,Diabetic,Overweight
649,34413,F,60,4.9,51,7.4,2.6,2.7,0.9,1.2,1.5,31,Diabetic,Obese
650,75435657,M,36,3.8,70,5,3.6,0.7,1.3,1.9,5,22,Non-Diabetic,Normal
651,34363,F,58,3.9,40,11.4,4.1,1,0.9,1.7,1.7,26,Diabetic,Overweight
652,780087,M,33,3.3,76,9.7,2.4,1.9,0.8,2.5,13.1,21.17,Diabetic,Normal
653,34373,F,57,4.5,73,9.4,5.1,2.4,0.8,2,1.1,39,Diabetic,Obese
654,233457,M,38,5.8,59,6.7,5.3,2,1.6,2.9,14,40.5,Diabetic,Obese
655,34329,M,61,5.7,92,6.2,2.6,1.1,0.9,2,0.7,38,Prediabetic,Obese
656,768585,M,30,5,80,6.9,4.5,1.8,1.2,2.6,12.7,34.6,Diabetic,Obese
657,34385,M,53,7.8,64,8,6.4,3.5,1.7,2,1,33,Diabetic,Obese
658,97643,M,35,4.8,64,7.7,3.7,1,1.2,2,7.2,27.3,Diabetic,Overweight
659,34470,F,60,4.9,45,10.6,6.7,5.9,0.9,1.9,1.5,28,Diabetic,Overweight
660,875444,M,40,7.1,74,7.5,4.4,1.4,1.3,2.5,10,28.3,Diabetic,Overweight
661,34458,M,58,10,112,9,4.5,2.9,1.9,1.5,2,31,Diabetic,Obese
662,12543,M,45,4.8,82,7.2,4.7,1.8,0.8,3.1,12.7,31.2,Diabetic,Obese
663,34492,F,63,7.9,80,8,4.7,1.5,1.9,1.9,1.5,33,Diabetic,Obese
664,78554,M,31,3.6,67,3.7,4.3,2.1,1,2.4,14.5,23,Non-Diabetic,Normal
665,34502,F,52,4,58,9,4.6,3.1,1.8,5,1.5,30,Diabetic,Obese
666,66456,M,38,4,67,10.2,5.2,2,1.1,3.2,14,47,Diabetic,Obese
667,34459,F,55,6.2,52,9.3,5.6,3.7,1.3,1.5,2,36,Diabetic,Obese
668,34262,F,50,4.4,69,5,3.9,0.7,2.3,0.3,0.4,24,Non-Diabetic,Normal
670,34229,M,43,2.6,67,4,3.8,0.9,2.4,3.7,1,21,Non-Diabetic,Normal
671,876534,M,31,3,60,12.3,4.1,2.2,0.7,2.4,15.4,37.2,Diabetic,Obese
672,34247,M,49,3.1,75,6,3.6,2.4,1.9,1.1,0.6,24,Prediabetic,Normal
673,66467878,M,40,4.3,72,7,4,1.8,0.9,2.4,12.2,40,Diabetic,Obese
674,34283,M,49,3.9,65,5.2,5.1,1.7,3.9,0.8,1.6,24,Non-Diabetic,Normal
675,33656789,M,45,4.1,63,10.2,4.8,1.3,0.9,3.3,9.5,34.3,Diabetic,Obese
676,87654,F,30,3,42,4.1,4.9,1.3,1.2,3.2,0.5,22,Non-Diabetic,Normal
677,34414,F,60,3.6,36,8.3,5.9,2,1,1.5,1.5,36,Diabetic,Obese
678,87655,F,42,5,73,4.5,6.2,1,1.1,4.6,0.4,24,Non-Diabetic,Normal
679,34444,F,60,3.7,53,9,5.8,2,1.4,2,1.5,36,Diabetic,Obese
680,87656,F,50,4.7,46,4.9,4.2,0.9,2.4,1.4,0.5,24,Non-Diabetic,Normal
681,34401,F,58,4.5,53,9,5.5,3.2,3.2,1.4,1.5,35,Diabetic,Obese
682,87657,F,50,5.7,53,6,5.4,1.7,1.4,3.3,0.7,25,Prediabetic,Overweight
683,34391,F,54,6,61,8,5.2,3.4,3.2,1.5,1.5,33,Diabetic,Obese
684,87658,F,49,3.3,44,6,5.6,1.9,0.75,1.35,0.8,23,Prediabetic,Normal
685,34310,F,39,4.2,45,5,4.4,1.7,2.8,0.7,0.6,25,Non-Diabetic,Overweight
686,87659,F,33,2.7,47,6,4.2,1.4,1.3,2.6,0.7,24,Prediabetic,Normal
687,34464,F,52,5.3,45,9,5.7,3.3,3.6,1.5,1,38,Diabetic,Obese
688,87660,F,30,5.7,53,6,5.4,1.7,1.4,3.3,0.7,22,Prediabetic,Normal
689,34554,M,55,5.1,39,15.9,4.2,1.2,1.4,3,2,38,Diabetic,Obese
690,87661,F,39,3,38,6.4,4.7,1.3,1.1,3.1,0.6,22,Prediabetic,Normal
691,34560,F,56,3.6,48,15,7.7,4.7,5,2.1,2,28,Diabetic,Overweight
692,87662,F,48,4,38,6.8,4.4,2.3,1.3,2.2,1,25,Diabetic,Overweight
693,34570,M,52,4.7,53,12.2,5.7,3.5,3.6,1.6,1,37,Diabetic,Obese
694,87663,M,42,4.6,91,4.5,5.6,2.1,0.9,3.8,0.9,22,Non-Diabetic,Normal
695,34452,F,60,3.8,34,8.3,4.3,3,1.4,2.5,2,32,Diabetic,Obese
696,87664,M,33,2,54,5.4,3.7,1.3,0.8,2.4,0.6,22,Non-Diabetic,Normal
697,34495,F,51,4.5,34,10.4,4.7,2.5,3.4,1.1,1.5,37,Diabetic,Obese
698,87665,M,30,4.8,80,5.5,5.5,1.8,1.2,3.5,0.8,25,Non-Diabetic,Overweight
699,34290,F,47,5.6,67,5.1,6.5,1.5,0.9,4.9,0.7,23,Non-Diabetic,Normal
700,87666,M,42,5.4,53,5.8,5.9,3.7,1.3,3.1,1.7,23,Prediabetic,Normal
701,34295,F,50,5.4,52,4.5,3.2,0.8,1.2,1.7,0.3,23,Non-Diabetic,Normal
702,87667,M,31,3.4,55,5.7,4.9,1.6,1,3.2,0.7,24,Prediabetic,Normal
703,34248,F,39,6,67,4,4,0.6,1.1,2.6,0.3,22,Non-Diabetic,Normal
704,34255,M,49,3.8,60,5,4.7,1.8,0.7,3.3,0.8,24,Non-Diabetic,Normal
705,87668,M,33,4.8,64,5.8,4.8,1.1,1.7,2.6,0.5,25,Prediabetic,Overweight
706,87669,M,50,4.8,62,5.9,5.3,1.3,1,3.7,0.6,19,Prediabetic,Normal
707,34360,F,55,3,41,4.3,4.6,0.7,1.8,1.1,1.3,37,Non-Diabetic,Obese
708,34249,F,38,2,20,5.1,3,1.2,0.6,2,0.5,21,Non-Diabetic,Normal
709,87670,M,50,4.8,62,5.9,5.3,1.3,1,3.7,0.6,25,Prediabetic,Overweight
710,87671,M,34,3.9,81,6,6.2,3.9,0.8,3.8,1.8,23,Prediabetic,Normal
711,34512,F,55,5.7,86,9.3,5.3,2.7,1,3.2,1.2,32,Diabetic,Obese
712,87672,M,50,3.5,59,6,4,2.1,1.4,1.9,0.9,25,Prediabetic,Overweight
713,34525,M,57,1.1,27,12.3,3.1,1.6,1.7,0.95,1.5,37,Diabetic,Obese
714,34268,M,45,3.6,80,5,6.1,3.7,0.7,3.9,1.7,22,Non-Diabetic,Normal
715,87673,M,50,4.7,53,6.1,4.2,2.2,0.8,2.5,0.9,24,Prediabetic,Normal
716,87674,M,50,4.3,59,6.1,4,3,1,1.8,1.3,24,Prediabetic,Normal
717,34306,F,33,5.7,48,4,6.8,3.1,1,3.9,1.5,23,Non-Diabetic,Normal
718,87675,M,50,5,74,6.2,2,0.8,0.6,1,0.4,25,Prediabetic,Overweight
719,34298,M,46,2,54,5.4,3.7,1.3,0.8,2.4,0.6,21,Non-Diabetic,Normal
720,34449,F,57,4.5,68,9,4.5,4.1,0.7,2.3,1.9,38,Diabetic,Obese
721,34225,F,50,2,50,4,3.6,1.3,0.9,2.1,0.6,24,Non-Diabetic,Normal
722,34493,M,55,4.6,50,9,3.5,0.6,0.8,2.5,0.3,39,Diabetic,Obese
723,34336,M,54,5.5,69,11,6.3,6.8,0.7,2.4,3.1,29,Diabetic,Overweight
724,34471,F,60,3.8,44,9.4,7,2.2,0.5,1,1.5,29,Diabetic,Overweight
725,34307,M,34,7.7,80,5.5,5.1,1.2,1.4,0.9,1.5,21,Non-Diabetic,Normal
726,34543,F,54,2.7,49,13.7,6.2,1.7,0.8,4.7,0.8,26,Diabetic,Overweight
727,34404,M,53,5.5,60,5.8,5.4,2.2,1.6,0.95,1.5,38,Prediabetic,Obese
728,34526,F,54,2.2,29,11.8,6.7,2,0.9,5,0.9,33,Diabetic,Obese
729,34238,F,49,2.2,28,4.1,5,1.3,1.2,3.3,0.6,24,Non-Diabetic,Normal
730,34337,M,60,6.5,30,9,5.9,3.4,0.8,3.7,0.5,30,Diabetic,Obese
731,34276,F,55,4,56,13.7,4.4,2,1,2.5,0.9,37,Diabetic,Obese
732,34498,F,54,2,37,13.8,5,1.2,1.6,0.9,1.5,26,Diabetic,Overweight
733,34563,F,57,4.3,41,10.2,5.5,1.1,1.4,1.7,2,31,Diabetic,Obese
734,34330,M,60,3.5,60,7.6,4.7,1.3,0.9,3.3,0.6,37,Diabetic,Obese
735,34221,M,26,4.5,62,4.9,3.7,1.4,1.1,2.1,0.6,23,Non-Diabetic,Normal
736,34473,M,63,6.3,87,12.4,5,2.3,0.8,3.2,1,31,Diabetic,Obese
737,34409,M,59,4.2,57,8.9,5.3,3.1,0.7,3.3,1.4,27,Diabetic,Overweight
738,34370,F,56,1.9,20,11.7,5.5,5.3,0.9,1.3,1.2,33,Diabetic,Obese
739,34324,F,51,2.1,46,5.9,4.1,2.7,1,2,1.2,36,Prediabetic,Obese
740,34250,M,44,3.8,74,5,3.7,1.5,1.1,2,0.7,24,Non-Diabetic,Normal
741,34251,F,41,3.4,48,4,4.4,1.6,0.8,3,0.7,23,Non-Diabetic,Normal
742,34239,F,49,3.8,55,4,4.4,0.9,1,1.3,0.4,23,Non-Diabetic,Normal
743,34551,M,52,4.4,38,13.2,3.9,1.3,1.6,1.7,0.6,35,Diabetic,Obese
744,34284,F,49,3.8,56,5.1,6,3.5,1.1,3.5,1.6,25,Non-Diabetic,Overweight
745,34499,M,53,7.5,230,11.6,9.1,1.5,1.4,2.1,7,27,Diabetic,Overweight
746,34299,F,45,4.7,31,4.8,3.8,0.7,1.3,2.2,0.3,24,Non-Diabetic,Normal
747,34463,F,60,3.2,31,11.9,6.1,2.6,0.9,4.1,1.1,39,Diabetic,Obese
748,34383,F,55,4.4,68,8,4.6,2.2,0.9,2.4,1,31,Diabetic,Obese
749,34402,M,55,4.1,86,10,4.9,0.7,1.2,3.4,0.4,33,Diabetic,Obese
750,34244,F,49,2.2,23,4,6.6,3.8,1,4.1,1.7,23,Non-Diabetic,Normal
751,34488,F,54,8.7,120,8.1,4,1.8,1.7,1.8,1.5,31,Diabetic,Obese
752,34468,M,57,7.4,43,9,3.9,1.4,0.7,2.6,0.6,26,Diabetic,Overweight
753,34291,M,46,4.4,47,5.2,6.8,0.7,1.7,4.7,0.4,24,Non-Diabetic,Normal
754,34296,M,49,4.8,46,5.8,4.8,1.1,1.7,2.6,0.5,24,Prediabetic,Normal
755,34445,F,52,4.4,48,7.7,3.4,0.7,1,2.1,0.4,33,Diabetic,Obese
756,34532,M,52,6,72,10.5,5.7,3.6,1,1.7,2,30,Diabetic,Obese
757,34387,M,60,3,55,7.7,4.2,4.9,1.6,1.7,1,33,Diabetic,Obese
758,34318,M,60,6.6,76,7.8,4.7,2.3,1.4,1.6,0.6,26,Diabetic,Overweight
759,34230,F,32,3.6,28,4,3.8,2,2.4,3.8,1,24,Non-Diabetic,Normal
760,34573,M,55,7.1,72,12.2,6.9,4.5,1.3,1.4,1,26,Diabetic,Overweight
761,34399,F,52,3.6,46,10.1,5.2,3.3,0.9,1.7,1.5,36,Diabetic,Obese
762,34440,M,55,7.8,99,7.1,2.7,1,0.8,1.4,0.5,28,Diabetic,Overweight
763,34400,F,51,3.1,36,6.8,2.9,1,1,1.7,1.5,33,Diabetic,Obese
764,34545,M,54,4.5,70,10.5,4.3,2.4,1.6,1.7,2,28,Diabetic,Overweight
765,34529,F,61,3.5,32,14.5,5.3,1.5,0.7,3.9,0.7,27,Diabetic,Overweight
766,34446,F,56,5.6,46,9.1,5.6,5.8,1.6,1.7,1,35,Diabetic,Obese
767,34426,M,52,11,26,8.3,6.8,3.7,0.9,1.7,1.6,29,Diabetic,Overweight
768,34504,M,59,3.4,62,8,5.5,2.5,1.1,3.3,1.1,36,Diabetic,Obese
769,34384,F,54,8.6,75,8.9,4.6,2.6,0.9,1.3,1,36,Diabetic,Obese
770,34555,M,54,10.4,126,10,4.4,1.3,1.4,1,2,37,Diabetic,Obese
771,34371,F,59,3.5,48,8,6.3,2.7,0.9,1.6,0.3,35,Diabetic,Obese
772,34322,F,55,2.7,52,8,4.6,1.7,1,2.9,0.8,30,Diabetic,Obese
773,34220,F,56,4,45,9.2,4.1,0.6,1.3,1.4,0.9,30,Diabetic,Obese
774,34453,F,61,13.2,98,8,6.6,4.5,1.6,0.9,2,26,Diabetic,Overweight
775,34423,M,53,2.7,38,8.8,4.8,1.3,1.7,1.6,2,26,Diabetic,Overweight
776,34435,F,63,6.1,46,9.8,3.9,0.8,1.8,1.9,1,37,Diabetic,Obese
777,34269,M,43,3.2,42,4,6.2,3.2,1,3.9,1.5,23,Non-Diabetic,Normal
778,34343,F,51,3.4,31,7,4.5,0.6,1.1,3.1,0.3,39,Diabetic,Obese
779,34505,F,54,2.8,22,14.6,4,1,1.8,1.3,1.5,33,Diabetic,Obese
780,34546,M,60,4.9,33,10.2,3.9,0.6,1.3,2.3,0.3,29,Diabetic,Overweight
781,34580,M,61,7.2,78,9.1,6.5,1.5,1.4,0.9,0.5,33,Diabetic,Obese
782,34472,M,61,5.9,56,10.9,4.6,7,0.6,1.3,3.1,30,Diabetic,Obese
783,34357,M,60,5.7,76,6.8,5.5,1.5,0.7,4.1,0.7,33,Diabetic,Obese
784,34415,F,61,4.1,45,8,4.2,0.9,1.6,1.3,1.5,33,Diabetic,Obese
785,34559,M,52,3.9,74,11.7,7,8.5,1.6,1.4,2,27,Diabetic,Overweight
786,34533,M,51,5.3,49,10.5,5.6,5.5,0.7,2.6,2,31,Diabetic,Obese
787,34361,F,52,6.4,88,8.5,8.5,0.8,6.6,1.3,1.3,33,Diabetic,Obese
788,34232,F,33,3.3,53,4,4,1.1,0.9,2.7,1,21,Non-Diabetic,Normal
789,34277,M,47,4,45,4.2,4,1.3,0.9,2.6,1,23,Non-Diabetic,Normal
790,34300,F,44,4,32,4.3,5.3,1.8,0.9,3.6,0.9,25,Non-Diabetic,Overweight
791,34476,M,51,3.7,58,9,6.2,1.5,1.6,1.7,1.5,35,Diabetic,Obese
792,34503,M,56,4.2,70,6.9,4.2,2.6,1.8,4,1.5,31,Diabetic,Obese
793,34394,M,60,2.7,35,9,4.4,2,0.6,3,0.9,27,Diabetic,Overweight
794,34285,F,44,3,39,5.5,9.5,1.7,1.3,2.5,0.6,21,Non-Diabetic,Normal
795,34513,F,52,4.7,34,9.9,5.1,4.5,0.6,2.7,2,26,Diabetic,Overweight
796,34514,M,51,3.7,58,9,6.2,1.5,1.6,1.7,1.5,35,Diabetic,Obese
797,34515,M,56,4.2,70,6.9,4.2,2.6,1.8,4,1.5,31,Diabetic,Obese
798,34516,M,60,2.7,35,9,4.4,2,0.6,3,0.9,27,Diabetic,Overweight
799,34517,F,44,3,39,5.5,9.5,1.7,1.3,2.5,0.6,21,Non-Diabetic,Normal
800,34518,F,52,4.7,34,9.9,5.1,4.5,0.6,2.7,2,26,Diabetic,Overweight
